date,close,high,low,open,volume
2015-01-02,219.31,223.25,213.26,222.87,4764443
2015-01-05,210.09,216.5,207.1626,214.55,5368477
2015-01-06,211.28,214.2,204.21,210.06,6261936
2015-01-07,210.95,214.78,209.78,213.35,2968390
2015-01-08,210.615,213.7999,210.01,212.81,3442509
2015-01-09,206.66,209.98,204.96,208.92,4580722
2015-01-12,202.21,204.47,199.25,203.05,5950280
2015-01-13,204.25,207.61,200.911,203.32,4477320
2015-01-14,192.69,195.2,185,185.83,11551855
2015-01-15,191.87,195.7499,190,194.49,5216524
2015-01-16,193.07,194.49,189.65,190.7,3603158
2015-01-20,191.93,194.1199,187.04,193.87,4503182
2015-01-21,196.57,198.68,189.51,189.55,4153043
2015-01-22,201.62,203.24,195.2,197,4116905
2015-01-23,201.29,203.5,198.33,200.29,3442371
2015-01-26,206.55,208.62,201.05,201.83,3234522
2015-01-27,205.98,208.03,203.3,204.42,2781024
2015-01-28,199.37,206.368,198.42,206.11,3149606
2015-01-29,205.2,205.98,196.5,201.07,3548106
2015-01-30,203.6,207.47,203,203.96,3006959
2015-02-02,210.94,211.9499,203.3,203.97,4149186
2015-02-03,218.36,220.37,211.27,213.22,4826244
2015-02-04,218.55,221.479,216.8,218.29,3305377
2015-02-05,220.99,225.48,219.638,219.88,3522947
2015-02-06,217.36,223.4,216.5001,222,3243931
2015-02-09,217.48,217.93,211.99,215.38,3472423
2015-02-10,216.29,220.5,215,217.55,5390542
2015-02-11,212.8,214.74,207.28,212.21,9769102
2015-02-12,202.88,203.0882,193.28,193.57,15649607
2015-02-13,203.77,205.99,200.91,202.9,6191003
2015-02-17,204.35,205.7,201.5,205.7,3979647
2015-02-18,204.46,206.17,202.6,204.17,2713598
2015-02-19,211.705,212.44,203.75,205,5154148
2015-02-20,217.11,217.6,209.81,210.78,5982089
2015-02-23,207.335,218.2,206.33,215.66,8499775
2015-02-24,204.11,207.29,201.7,207.29,6603560
2015-02-25,203.76,207.14,202.58,204.94,3909520
2015-02-26,207.19,211.09,202.22,204,6472855
2015-02-27,203.34,208.55,202.8,206.9,3882084
2015-03-02,197.325,203.34,195.825,202.7,7922065
2015-03-03,199.56,200.2435,195.32,196.81,4432329
2015-03-04,202.435,202.52,197.21,199.25,4221962
2015-03-05,200.63,206.19,200.15,202.85,4877015
2015-03-06,193.88,200.75,192.151,199.21,6712438
2015-03-09,190.88,194.49,188.25,194.39,6736724
2015-03-10,190.32,193.5,187.6,188.46,5579691
2015-03-11,193.74,196.18,191.01,191.15,4974871
2015-03-12,191.07,194.45,189.75,193.75,4149294
2015-03-13,188.68,191.75,187.32,188.95,5434298
2015-03-16,195.7,195.91,189.8,192,5628783
2015-03-17,194.73,198.71,193.94,195.43,4894052
2015-03-18,200.71,200.88,193.11,194.96,4820936
2015-03-19,195.65,204.59,194.53,202,8475244
2015-03-20,198.08,198.99,195.621,197.45,4269467
2015-03-23,199.63,200.5,197.47,198.5,2631626
2015-03-24,201.72,203.79,199.75,201.58,3649860
2015-03-25,194.3,198.59,192.7,198.27,5730389
2015-03-26,190.405,194.79,189.7,193.92,4127956
2015-03-27,185,189.2899,181.4,189.07,8604947
2015-03-30,190.57,192.25,181.8,185.85,10089516
2015-03-31,188.77,193.76,188.41,193.53,5026569
2015-04-01,187.59,192.3,186.05,188.7,3794621
2015-04-02,191,193.23,190,190.23,5010368
2015-04-06,203.1,207.75,197.5,198,12455811
2015-04-07,203.25,205.06,201.14,202.51,4347864
2015-04-08,207.67,210.9,205.87,208.2,6303117
2015-04-09,210.09,210.37,206.12,208.43,3800225
2015-04-10,210.9,211.65,209,209.85,4067676
2015-04-13,209.78,213,209.05,210.435,3758230
2015-04-14,207.46,209.49,205.5,208.57,3025963
2015-04-15,207.83,209.59,206.6,207.46,1952378
2015-04-16,206.7,209.17,206.29,207.7,1659059
2015-04-17,206.79,206.88,203.5,204.99,2469926
2015-04-20,205.27,207.85,203.85,206.78,2559251
2015-04-21,209.41,210.75,204.31,205.8,3432541
2015-04-22,219.44,221.88,211.69,212.5,7863037
2015-04-23,218.6,221.48,217.1501,218.27,4411184
2015-04-24,218.425,220.8,218.01,220.5,2427843
2015-04-27,231.55,238.75,222,222.56,11672627
2015-04-28,230.48,235.5,228.03,234.75,6085379
2015-04-29,232.45,234.97,227.63,230.05,3936077
2015-04-30,226.05,232.89,225.17,230.39,3911857
2015-05-01,226.03,231.77,220.405,229.94,5281689
2015-05-04,230.51,234.73,227.11,228.18,4434596
2015-05-05,232.95,239.5,229.13,237.76,5796873
2015-05-06,230.43,234.47,228.2,234.1,5270933
2015-05-07,236.8,237.48,220.25,221,9455909
2015-05-08,236.61,238.4099,233.7,235.99,4668236
2015-05-11,239.49,242.88,235.31,236.29,5672262
2015-05-12,244.74,246.35,238.19,240.11,6363429
2015-05-13,243.18,248.3,242.25,247.61,5440165
2015-05-14,244.1,244.89,241.25,244.82,2895936
2015-05-15,248.84,249.4,242.5,243.93,4527563
2015-05-18,248.75,249.9,246,247,3353212
2015-05-19,247.14,251,246.15,248.43,3674231
2015-05-20,244.35,247.74,241.3721,247.13,3755569
2015-05-21,245.62,246.62,242.3574,243.03,1970643
2015-05-22,247.73,248.6,245.01,245.38,2223089
2015-05-26,247.455,252,246.5,247.68,3498682
2015-05-27,247.43,249.5,245.55,248.51,3408200
2015-05-28,251.45,251.8,245.05,247.03,3647283
2015-05-29,250.8,252.8677,249.43,251,3789283
2015-06-01,249.45,251.6,247.47,251.41,2505057
2015-06-02,248.35,249.4,246.3,248.92,2134809
2015-06-03,248.99,250.72,247.01,248.2,1781505
2015-06-04,245.92,249.3,245.71,247.5,2453615
2015-06-05,249.14,249.7,245.68,246,3022026
2015-06-08,256.29,258.75,250.31,250.85,5016997
2015-06-09,256,257.74,254.14,255.4,2611146
2015-06-10,250.7,254,248.5,251.9,3454453
2015-06-11,251.41,254.37,250.43,253.26,2044058
2015-06-12,250.69,253.46,250.21,250.21,1422335
2015-06-15,250.38,251.28,246.01,249.7,2186175
2015-06-16,253.12,253.44,249.095,250.13,1984678
2015-06-17,260.41,264.36,252.02,252.17,5512920
2015-06-18,261.89,263.46,260.02,262,2782703
2015-06-19,262.51,263.8,260.1,262.4,2463013
2015-06-22,259.79,264.4,255.69,262.15,4561079
2015-06-23,267.67,268,258.57,260.32,3870818
2015-06-24,265.17,267.35,263.72,266.98,2412293
2015-06-25,268.79,271.41,265.25,266.45,2849204
2015-06-26,267.09,269.11,266,268.89,3838434
2015-06-29,262.02,265.95,260.7,261.95,3478909
2015-06-30,268.26,270.92,264,264.8,3086935
2015-07-01,269.15,272.62,267.8503,271.11,2101224
2015-07-02,280.02,282.45,273.31,280.195,7163930
2015-07-06,279.72,281.69,276.3,278.88,4121933
2015-07-07,267.88,275.2,260.77,275,6105126
2015-07-08,254.96,260.8,254.31,259.32,6221077
2015-07-09,257.92,262.95,256.79,259.08,3334077
2015-07-10,259.15,263,257.82,262.22,2610858
2015-07-13,262.16,262.55,256.05,262.25,2960319
2015-07-14,265.65,265.9899,260.51,262.1,1907641
2015-07-15,263.14,267.49,262.08,266.74,2021621
2015-07-16,266.68,267.2,263.16,264.22,1615961
2015-07-17,274.66,275.54,268.25,272.5,5004099
2015-07-20,282.26,286.65,272.54,275,4978454
2015-07-21,266.77,273.5,266.55,270.05,6108686
2015-07-22,267.87,269.44,260.86,261.27,3104960
2015-07-23,267.2,269.9,265.27,269.65,2227239
2015-07-24,265.41,271.09,263.92,267.38,2836498
2015-07-27,253.01,264.4321,250.79,262.43,4694192
2015-07-28,264.82,265.4,251.8373,255.75,3895808
2015-07-29,263.82,267.89,262,264.27,2790095
2015-07-30,266.79,266.94,262.11,262.69,2034560
2015-07-31,266.15,269.3599,265.123,267.6,2222552
2015-08-03,259.99,266.7099,257.07,266.29,2553474
2015-08-04,266.28,266.72,258.34,260.01,2352530
2015-08-05,270.13,271,260.4,263.58,4798058
2015-08-06,246.13,255,236.12,249.54,14623754
2015-08-07,242.51,243.73,238.39,243.58,5073390
2015-08-10,241.14,242.97,236.05,238.15,4185860
2015-08-11,237.37,239.3,234.44,237.15,4264939
2015-08-12,238.17,239.77,232.74,235,3739157
2015-08-13,242.51,246.48,239.12,239.86,4689182
2015-08-14,243.15,247.93,241.77,247.24,4364810
2015-08-17,254.99,256.59,250.51,255.56,7176690
2015-08-18,260.72,260.95,253.5601,255.38,4195035
2015-08-19,255.25,260.65,255.02,260.33,3604282
2015-08-20,242.18,254.56,241.9,252.06,4905757
2015-08-21,230.77,243.7999,230.51,236,6590234
2015-08-24,218.87,231.4,195,202.79,9581585
2015-08-25,220.03,230.9,219.12,230.52,4327294
2015-08-26,224.84,228,215.51,227.93,4963042
2015-08-27,242.99,244.75,230.81,231,7655959
2015-08-28,248.48,251.45,241.57,241.86,5513673
2015-08-31,249.06,254.95,245.51,245.77,4700232
2015-09-01,238.63,246,236.97,240.34,5454765
2015-09-02,247.69,247.88,239.78,245.14,4629174
2015-09-03,245.57,252.08,245,252.06,4194772
2015-09-04,241.93,244.09,238.2,240.89,3689153
2015-09-08,248.17,249.16,244.05,245.05,3138231
2015-09-09,248.91,254.25,248.303,252.05,3390788
2015-09-10,248.48,250.7231,245.33,247.23,2709024
2015-09-11,250.24,250.24,244.73,247.64,2350844
2015-09-14,253.19,254.25,249.67,251.1,2890851
2015-09-15,253.57,254.6,249.5,252.75,2933466
2015-09-16,262.25,262.88,252.88,253.04,4417081
2015-09-17,262.07,265.5,260.69,263.96,3585812
2015-09-18,260.62,263.82,257.5,257.96,3763064
2015-09-21,264.2,271.57,255.8,263.98,6120155
2015-09-22,260.94,262.65,255.87,259.03,3664353
2015-09-23,261.06,262.08,257.5838,261.95,2600778
2015-09-24,263.12,263.45,256.21,259.53,3448191
2015-09-25,256.91,266.91,256.15,266.61,3773392
2015-09-28,248.43,259.79,246.61,257.35,4881802
2015-09-29,246.65,254.73,245.46,250.46,3703154
2015-09-30,248.4,252.4,242.34,252,4879816
2015-10-01,239.88,248.5,237.13,247.51,4572964
2015-10-02,247.57,247.7,234.93,235.6,4423982
2015-10-05,246.15,249.84,244.13,248.84,3689865
2015-10-06,241.46,243.03,235.58,240,5235897
2015-10-07,231.96,237.7,229.12,236.63,6813959
2015-10-08,226.72,230.72,221.31,230.08,6133216
2015-10-09,220.69,224.37,218.36,220.93,6158370
2015-10-12,215.58,223,215.27,222.99,3836303
2015-10-13,219.25,222.522,211.13,213.28,5171535
2015-10-14,216.88,220.95,215.43,220.67,3104446
2015-10-15,221.31,221.73,213.7,216.43,2844233
2015-10-16,227.01,230.4805,222.87,223.04,4334493
2015-10-19,228.1,231.15,224.94,226.5,2507895
2015-10-20,213.03,228.6,202,227.72,14900047
2015-10-21,210.09,214.81,208.8,211.99,4183471
2015-10-22,211.72,215.75,209.4,211.56,2825159
2015-10-23,209.09,215.35,207.69,215,4235462
2015-10-26,215.26,215.88,210,211.38,3391438
2015-10-27,210.35,217.1,207.51,214.84,3519449
2015-10-28,212.96,213.45,208.3,211.31,2728593
2015-10-29,211.63,213.7481,210.64,211.75,1805032
2015-10-30,206.93,211.63,203.89,210.4,4438901
2015-11-02,213.79,215.8,207.22,208.92,3927944
2015-11-03,208.35,214.44,207.75,213.85,8332486
2015-11-04,231.63,232.74,225.2,227,12726366
2015-11-05,231.77,234.5843,229.19,230.58,4496843
2015-11-06,232.36,233.359,229.5,230.7,2445293
2015-11-09,225.33,232.99,224.31,232.99,3850860
2015-11-10,216.5,223.7,216.08,223.48,4617007
2015-11-11,219.08,219.48,213.63,217.77,3347806
2015-11-12,212.94,219,212.66,217.85,2915900
2015-11-13,207.19,212.99,206.52,212.95,3430327
2015-11-16,214.31,214.98,205.8,206.09,2925395
2015-11-17,214,216,211.4,215.2,2148326
2015-11-18,221.07,221.38,212.52,214.5,2811900
2015-11-19,221.8,226.19,220.3,220.54,2504375
2015-11-20,220.01,225,213.58,223.49,4400722
2015-11-23,217.75,219.18,214.6798,217.35,2526199
2015-11-24,218.25,221,215,215.37,2480293
2015-11-25,229.64,230.825,220.375,221.34,3990779
2015-11-27,231.61,232.25,227.01,231.06,1949353
2015-11-30,230.26,234.28,229.08,231.79,2659813
2015-12-01,237.19,238,231.05,231.06,3733955
2015-12-02,231.99,238.6,231.23,237,2981468
2015-12-03,232.71,237.45,230,235.48,2939564
2015-12-04,230.38,233.27,227.66,232.46,2573603
2015-12-07,231.13,235.63,226.15,227.7,3144223
2015-12-08,226.72,228.8,224.2,227.52,2687636
2015-12-09,224.52,227.5,220.72,226.7,3057753
2015-12-10,227.07,228.49,223.64,224.71,2071692
2015-12-11,217.02,225.75,216.64,225.24,3268726
2015-12-14,218.58,220.92,214.87,217.51,2831518
2015-12-15,221.09,222.22,218,221.82,2244424
2015-12-16,234.51,234.88,220.73,222.1,5104341
2015-12-17,233.39,237.76,229.8149,233.94,3298638
2015-12-18,230.46,235.9,229.29,232.89,3014170
2015-12-21,232.56,235.83,231.08,231.69,1953174
2015-12-22,229.95,236.55,229.63,234.99,1961495
2015-12-23,229.7,233.45,228.13,232.18,1554979
2015-12-24,230.57,231.88,228.28,230.56,710277
2015-12-28,228.95,231.98,225.54,231.49,1901304
2015-12-29,237.19,237.72,229.547,230.06,2406290
2015-12-30,238.09,243.634,235.6707,236.6,3697921
2015-12-31,240.01,243.45,238.37,238.51,2715038
2016-01-04,223.41,231.38,219,230.72,6827146
2016-01-05,223.43,226.89,220,226.36,3186752
2016-01-06,219.04,220.05,215.98,220,3779128
2016-01-07,215.65,218.44,213.67,214.19,3554251
2016-01-08,211,220.44,210.77,217.86,3628058
2016-01-11,207.85,214.45,203,214.01,4091422
2016-01-12,209.97,213.7395,205.31,211.6,3091917
2016-01-13,200.31,212.65,200,212.01,4126416
2016-01-14,206.18,210,193.38,202.21,6490741
2016-01-15,204.99,205.07,197.25,198.97,5578640
2016-01-19,204.72,210.47,200.78,208.71,4038676
2016-01-20,198.7,201.28,191.25,199.4,5838608
2016-01-21,199.97,203.23,195.02,201.55,3166159
2016-01-22,202.55,205.5,199.03,204.8005,3124055
2016-01-25,196.38,203.57,195.88,200.06,2698739
2016-01-26,193.56,197.82,188.88,196.7,4964180
2016-01-27,188.07,193.26,185.77,192.38,3617221
2016-01-28,189.7,191.28,182.41,190.79,4592754
2016-01-29,191.2,193.74,188.08,189.95,2852289
2016-02-01,196.94,199.52,182.75,188.76,5297639
2016-02-02,182.78,193.12,180.23,192.42,5773637
2016-02-03,173.48,183.94,170.18,183.59,7931362
2016-02-04,175.33,175.98,166.99,170.7,4385366
2016-02-05,162.6,173,157.7442,171.3,9437591
2016-02-08,147.99,157.15,146,157.105,9312988
2016-02-09,148.25,159.79,141.05,142.32,8651648
2016-02-10,143.67,154.97,141.74,150.5,10406513
2016-02-11,150.47,163.26,147,152,14252364
2016-02-12,151.04,157.01,143.7,155,7235783
2016-02-16,155.17,162.95,154.11,158.7,5593794
2016-02-17,168.68,169.34,156.68,159,5825159
2016-02-18,166.77,172.95,164.77,172.42,3887574
2016-02-19,166.58,167.49,162.5,163.66,2959390
2016-02-22,177.74,178.91,169.85,170.12,5060051
2016-02-23,177.21,181.73,173.68,176.16,5984374
2016-02-24,179,179.5,167.84,172.75,5395609
2016-02-25,187.43,188.5192,175.2,178.65,5750741
2016-02-26,190.34,192,185,188.7,6065117
2016-02-29,191.93,196.35,189.222,192.4,4498997
2016-03-01,186.35,195.9484,182.7,194.25,6712159
2016-03-02,188.34,188.52,181.5,183.73,4862396
2016-03-03,195.74,197.42,184.22,188.28,4829018
2016-03-04,201.04,204.03,197.5001,198,6489058
2016-03-07,205.29,209.7,197.4,197.68,5337072
2016-03-08,202.6,207.5,202.2,203.5,3978722
2016-03-09,208.72,209.3726,202.79,204.52,3208554
2016-03-10,205.18,213.29,200.671,210,5192523
2016-03-11,207.5,209.42,205.33,207.93,3343077
2016-03-14,215.15,216.72,210.64,212.65,4065706
2016-03-15,218.34,218.97,211.5,214.27,3180452
2016-03-16,221.93,222.58,217.02,218,3516703
2016-03-17,226.38,228.5,220,221.47,3782891
2016-03-18,232.74,234.48,228.06,229.1,4711793
2016-03-21,238.32,239.88,235,235.34,5307822
2016-03-22,234.24,238.99,232.558,237.21,4315988
2016-03-23,222.58,234.73,222.03,232.37,4948841
2016-03-24,227.75,228.8877,215,215.78,4960900
2016-03-28,230.26,234.81,225,231.61,3925685
2016-03-29,230.13,232.38,225.33,229.89,4014330
2016-03-30,226.89,235.5,226.5,235.09,4032982
2016-03-31,229.77,237.42,225.01,229.34,8012872
2016-04-01,237.59,247.9,233.25,244.825,15997509
2016-04-04,246.99,252.12,243.64,249.12,13475327
2016-04-05,255.47,256.56,240,240.5,9948699
2016-04-06,265.42,267.74,253.45,253.97,11705479
2016-04-07,257.2,269.34,254.51,266.45,8856171
2016-04-08,250.07,260.82,248.0201,260.5,7363935
2016-04-11,249.92,258.99,245.3,251,9161693
2016-04-12,247.82,251.8,243.63,249.5,5763208
2016-04-13,254.53,255.5,247.33,248.51,4925595
2016-04-14,251.86,256.839,251.0501,253,4132185
2016-04-15,254.51,254.6,249.12,251.31,3752366
2016-04-18,253.88,258.31,251.66,252.23,4271362
2016-04-19,247.37,254.3699,241.251,253.12,6357526
2016-04-20,249.97,253.66,241.5,246.26,5194051
2016-04-21,248.29,250.9,246.91,248.99,2783059
2016-04-22,253.75,254,245.71,248.89,3786327
2016-04-25,251.82,257.38,250.76,253.01,3670348
2016-04-26,253.74,255.73,249.39,252.05,3223839
2016-04-27,251.47,255,249.4,252.75,3205808
2016-04-28,247.71,253.43,247.44,249.85,2518990
2016-04-29,240.76,248.43,237.81,248.14,5413787
2016-05-02,241.8,243.19,234.82,241.5,3843935
2016-05-03,232.32,238.91,231.62,237.36,4302222
2016-05-04,222.56,234.46,220.4,230.29,8700459
2016-05-05,211.53,228.64,209.79,228.46,11254827
2016-05-06,214.93,216.37,208.11,210.87,5685237
2016-05-09,208.92,216.15,206.8,215.72,4776383
2016-05-10,208.69,209.47,205,207.55,4070617
2016-05-11,208.96,215.48,206.05,207.59,5161864
2016-05-12,207.28,211.67,203.6572,211.44,3650475
2016-05-13,207.61,211.2,206.7,207.78,2822781
2016-05-16,208.29,213.15,207.92,208.15,2949396
2016-05-17,204.66,209.8199,204.02,209.05,2843597
2016-05-18,211.17,215.31,207.75,209.15,5617519
2016-05-19,215.21,216.79,207.3,213.62,6866321
2016-05-20,220.28,220.55,216.35,216.99,9007076
2016-05-23,216.22,222.6,215.86,219.87,5102479
2016-05-24,217.91,218.74,215.18,216.6,3013843
2016-05-25,219.58,221.36,216.51,217.91,3132615
2016-05-26,225.12,225.26,219.05,220.5,4072424
2016-05-27,223.04,225.93,220.75,224.99,3650272
2016-05-31,223.23,224.7497,221.5001,223.04,2789002
2016-06-01,219.56,222.4,216.89,221.48,2982695
2016-06-02,218.96,219.909,217.11,219.59,2032832
2016-06-03,218.99,221.94,218.01,220,2228970
2016-06-06,220.68,220.9,215.45,218,2249508
2016-06-07,232.34,234.44,221.52,222.24,6213573
2016-06-08,235.52,240.845,232.605,233.8,5971995
2016-06-09,229.36,235.33,227.06,234.98,4492075
2016-06-10,218.79,227.97,218.4217,227.39,6026603
2016-06-13,217.87,225.77,217.66,219.5,4193022
2016-06-14,214.96,222.2,212.53,218.88,3580167
2016-06-15,217.7,221.9,215.13,216.95,2908522
2016-06-16,217.93,218.04,213.5,217.42,2440259
2016-06-17,215.47,219.99,214.5,217.81,3112620
2016-06-20,219.7,223.75,218.23,219.5,3555471
2016-06-21,219.61,222.569,218.81,220.68,4529005
2016-06-22,196.66,205.95,195.75,199.47,23742414
2016-06-23,196.4,197.55,192.13,195.69,10130748
2016-06-24,193.15,195.12,189.73,190.05,7026516
2016-06-27,198.55,198.81,187.87,190.86,7220323
2016-06-28,201.79,204.05,199.41,201.89,6212422
2016-06-29,210.19,211.78,203,205.13,5994908
2016-06-30,212.28,213.4999,209.02,212.97,4843111
2016-07-01,216.5,218.24,206,206.14,5399951
2016-07-05,213.98,214.5441,208,209.73,5175345
2016-07-06,214.44,215.23,209,210,4919855
2016-07-07,215.94,218.12,213.01,213.1,3612022
2016-07-08,216.78,219.81,214.5,217.8,4074785
2016-07-11,224.78,226.78,219.51,219.96,5429823
2016-07-12,224.65,227.5,223.22,224.1,4576165
2016-07-13,222.53,225.59,220.29,225.5,3567062
2016-07-14,221.53,224.94,221.05,223.12,2675834
2016-07-15,220.4,222.7499,219.64,222.52,2234247
2016-07-18,226.25,227.09,218.3,219.64,3412055
2016-07-19,225.26,229.1,224.75,225,3115065
2016-07-20,228.36,229.8,225,226.47,2568498
2016-07-21,220.5,227.847,219.1,226,4428651
2016-07-22,222.27,224.5,218.88,221.99,2579692
2016-07-25,230.01,231.39,221.3715,222.27,4490683
2016-07-26,229.51,230,225.3,227.69,3430042
2016-07-27,228.49,233.36,226.92,229.34,2889007
2016-07-28,230.61,230.76,226.6,227.95,2419059
2016-07-29,234.79,235.28,230.24,230.7,3070813
2016-08-01,230.01,236.63,229.38,235.5,4016284
2016-08-02,227.2,229.87,221.4,229.37,3934432
2016-08-03,225.79,229.699,224.21,227.37,3887759
2016-08-04,230.61,230.86,222.05,225.69,4146997
2016-08-05,230.03,232,227.4,230,3205215
2016-08-08,226.16,229.6,226.09,228,2263584
2016-08-09,229.08,231.5375,226.65,226.82,2207833
2016-08-10,225.65,229.87,224.62,228.24,2338301
2016-08-11,224.91,227.57,223.41,226.17,1880936
2016-08-12,225.61,226.65,224.04,225.41,1813540
2016-08-15,225.59,229.5,224.93,226.02,2034328
2016-08-16,223.61,227.19,223.4101,225.49,2267147
2016-08-17,223.24,224.83,222.8,224.33,1787127
2016-08-18,223.51,225.66,222.29,223.82,1714467
2016-08-19,225,225.169,222.53,223.54,1659530
2016-08-22,222.93,225.11,222.68,224.17,2065493
2016-08-23,224.84,228.49,222.8,224.32,4784418
2016-08-24,222.62,227.15,222.22,227.05,2570693
2016-08-25,220.96,223.8,220.77,223.11,1762519
2016-08-26,219.99,222.855,218.82,222.14,2238992
2016-08-29,215.2,220.4,215,220.15,3266334
2016-08-30,211.34,216.11,210.52,216.11,3168862
2016-08-31,212.01,212.6,208.65,210.43,3276548
2016-09-01,200.77,211.0999,200.5,209.01,7943138
2016-09-02,197.78,203.2,196.2,202.33,5977413
2016-09-06,202.83,203.25,199,199.02,4390572
2016-09-07,201.71,206.4968,200.71,205.5,3640923
2016-09-08,197.36,199.89,196.36,199.55,3377946
2016-09-09,194.47,199.92,193.7,199.09,3756992
2016-09-12,198.3,201.369,194.1,195,3715161
2016-09-13,196.05,198.49,193.45,197.06,3589379
2016-09-14,196.41,197.9248,194.8562,195.75,2259231
2016-09-15,200.42,202.5193,196.4,196.49,3085115
2016-09-16,205.4,205.7,199,200.42,3107808
2016-09-19,206.34,209.43,205,207,2299498
2016-09-20,204.64,207.75,203.91,206.85,2410488
2016-09-21,205.22,207,201.56,206.37,2633503
2016-09-22,206.43,207.28,203,206.4,2382902
2016-09-23,207.45,210.18,205.67,205.99,2905229
2016-09-26,208.99,211,206.5,206.5,2394358
2016-09-27,205.81,209.9818,204.6093,209.65,3373180
2016-09-28,206.27,208.25,205.26,207.51,2088374
2016-09-29,200.7,207.33,200.58,205.6,2727029
2016-09-30,204.03,204.98,199.55,202.21,2586273
2016-10-03,213.7,215.6688,208.25,212.3,5999892
2016-10-04,211.41,213.32,208.82,213.1,3541481
2016-10-05,208.46,213.15,208.12,212.24,1877534
2016-10-06,201,204.2099,200.21,202.46,4703402
2016-10-07,196.61,201.32,195.8,201,3493018
2016-10-10,200.95,204.14,199.66,201.35,3316297
2016-10-11,200.1,202.2,198.31,201.85,2328422
2016-10-12,201.51,203.88,200.42,200.95,1970689
2016-10-13,200.24,200.895,197.05,200.5,2495413
2016-10-14,196.51,201.43,196.3,200.66,4269850
2016-10-17,193.96,198.39,192,197.05,4554080
2016-10-18,199.1,199.47,193.26,195.99,5680475
2016-10-19,203.56,206.66,198.06,199.74,6991183
2016-10-20,199.1,203,197.05,202.12,5072877
2016-10-21,200.09,201.57,197.41,198.6,2943402
2016-10-24,202.76,203.9452,200.25,201,2751562
2016-10-25,202.34,204.69,201.2,202.9,2445014
2016-10-26,202.24,203.19,200.1,201,5632841
2016-10-27,204.01,213.7,201.65,211.34,13093744
2016-10-28,199.97,205.32,199.83,204,4280141
2016-10-31,197.73,202.49,195.81,202.49,4692273
2016-11-01,190.79,198.5,188.105,198.04,7060036
2016-11-02,188.02,192.6951,187.505,190.05,4253382
2016-11-03,187.42,191.47,187.0401,189,2653023
2016-11-04,190.56,193.46,185.96,189,5146043
2016-11-07,193.21,194.29,190.05,193.59,3870112
2016-11-08,194.94,197.49,191.26,193.79,3267580
2016-11-09,190.06,192,183.95,186.875,8173065
2016-11-10,185.35,191.61,180.42,191.05,6750341
2016-11-11,188.56,188.88,183,184.24,3988504
2016-11-14,181.45,188.25,178.19,188,6552205
2016-11-15,183.77,186.43,182.05,182.78,3902018
2016-11-16,183.93,184.73,181.21,182.65,3434437
2016-11-17,188.66,189.49,182.1101,183.49,4887067
2016-11-18,185.02,193,185,190.65,5210347
2016-11-21,184.52,188.89,184.41,185.04,4361043
2016-11-22,191.17,191.47,183.71,185.84,5603361
2016-11-23,193.14,195.644,189,190.61,4891893
2016-11-25,196.65,197.2372,193.64,193.64,2366098
2016-11-28,196.12,199.35,194.55,195.48,4529182
2016-11-29,189.57,196.73,189.5,195.56,4439256
2016-11-30,189.4,191.89,187.5,191,3547104
2016-12-01,181.88,188.53,181,188.25,5126401
2016-12-02,181.47,184.88,180,182.88,4042324
2016-12-05,186.8,188.89,182.51,182.51,4072239
2016-12-06,185.85,186.58,182.6825,185.52,3391622
2016-12-07,193.15,193.4,185,186.15,5461851
2016-12-08,192.29,192.5,189.54,192.05,3194148
2016-12-09,192.18,193.836,190.81,190.87,2722505
2016-12-12,192.43,194.42,191.04,192.8,2438876
2016-12-13,198.15,201.28,193,193.18,6823884
2016-12-14,198.69,203,196.76,198.74,4150927
2016-12-15,197.58,200.74,197.39,198.41,3219567
2016-12-16,202.49,202.59,197.6,198.08,3796889
2016-12-19,202.73,204.45,199.84,202.49,3488071
2016-12-20,208.79,209,202.5,203.05,4689071
2016-12-21,207.7,212.23,207.41,208.45,5207622
2016-12-22,208.45,209.99,206.5,208.22,3111108
2016-12-23,213.34,213.45,207.71,208,4670464
2016-12-27,219.53,222.25,214.42,214.88,5915732
2016-12-28,219.74,223.8,217.2,221.53,3782456
2016-12-29,214.68,219.2,214.1225,218.56,4044968
2016-12-30,213.69,217.5,211.68,216.3,4642620
2017-01-03,216.99,220.33,210.96,214.86,5923254
2017-01-04,226.99,228,214.31,214.75,11213471
2017-01-05,226.75,227.48,221.95,226.42,5911695
2017-01-06,229.01,230.31,225.45,226.93,5527893
2017-01-09,231.28,231.92,228,228.97,3979484
2017-01-10,229.87,232,226.89,232,3659955
2017-01-11,229.73,229.98,226.68,229.07,3650825
2017-01-12,229.59,230.7,225.58,229.06,3790229
2017-01-13,237.75,237.85,229.59,230,6092960
2017-01-17,235.58,239.96,234.37,236.7,4617522
2017-01-18,238.36,239.71,235.58,236.65,3768967
2017-01-19,243.76,248.68,240.75,247.25,7732303
2017-01-20,244.73,246,243.01,245.46,4204275
2017-01-23,248.92,250.8899,245.5,245.85,6262938
2017-01-24,254.61,254.8,249.65,250,4965451
2017-01-25,254.47,258.46,251.8,257.31,5146361
2017-01-26,252.51,255.74,250.75,254.29,3152123
2017-01-27,252.95,253,248.52,251.38,3166336
2017-01-30,250.63,255.2899,247.1,252.53,3801074
2017-01-31,251.93,255.89,247.7,249.24,4116104
2017-02-01,249.24,253.2,249.05,253.05,3958829
2017-02-02,251.55,252.42,247.71,248.34,2499775
2017-02-03,251.33,252.179,249.68,251.91,2186723
2017-02-06,257.77,257.82,250.63,251,3562517
2017-02-07,257.48,260,256.42,258.19,4244775
2017-02-08,262.08,263.36,256.2,257.35,3933014
2017-02-09,269.2,271.18,266.15,266.25,7820222
2017-02-10,269.23,270.95,266.11,269.79,3619739
2017-02-13,280.6,280.7899,270.51,270.74,7029605
2017-02-14,280.98,287.39,278.61,279.03,7345224
2017-02-15,279.76,282.24,276.44,280,4947856
2017-02-16,268.95,280,268.5,277.6,7077322
2017-02-17,272.23,272.89,264.15,265.8,6257149
2017-02-21,277.39,281.4,274.01,275.45,5676747
2017-02-22,273.51,283.45,272.6,280.31,8754975
2017-02-23,255.99,264.66,255.56,264,14915249
2017-02-24,257,258.25,250.2,252.66,8171626
2017-02-27,246.23,248.36,242.01,248.17,11460810
2017-02-28,249.99,251,243.9,244.19,6078145
2017-03-01,250.02,254.85,249.11,254.18,4809488
2017-03-02,250.48,253.28,248.27,249.71,3351833
2017-03-03,251.57,251.9,249,250.74,2929234
2017-03-06,251.21,251.7,247.51,247.91,3355500
2017-03-07,248.59,253.89,248.32,251.92,3459470
2017-03-08,246.87,250.07,245.32,247,3728649
2017-03-09,244.9,248.66,243,247.63,3879293
2017-03-10,243.69,246.5,243,246.21,3066272
2017-03-13,246.17,246.85,242.781,244.82,3022625
2017-03-14,258,258.12,246.02,246.11,7598446
2017-03-15,255.73,261,254.27,257,5330806
2017-03-16,262.05,265.75,259.06,262.4,7132153
2017-03-17,261.5,265.33,261.2,264,6497496
2017-03-20,261.92,264.55,258.821,260.6,3614294
2017-03-21,250.68,264.8,250.24,262.83,6908554
2017-03-22,255.01,255.07,250.51,251.56,4059297
2017-03-23,254.78,257.672,253.3,255.39,3320245
2017-03-24,263.16,263.89,255.01,255.7,5647253
2017-03-27,270.22,270.57,259.75,260.6,6230795
2017-03-28,277.45,280.68,275,277.02,7987604
2017-03-29,277.38,279.6,275.54,278.34,3676157
2017-03-30,277.92,282,277.21,278.04,4148426
2017-03-31,278.3,279.68,276.3197,278.73,3294640
2017-04-03,298.52,299,284.58,286.9,13888618
2017-04-04,303.7,304.81,294.53,296.89,10134556
2017-04-05,295,304.88,294.2,302.04,7880938
2017-04-06,298.7,301.94,294.1,296.88,5520588
2017-04-07,302.54,302.69,297.15,297.5,4562929
2017-04-10,312.39,313.7299,308.71,309.15,7664458
2017-04-11,308.71,313.47,305.5,313.38,5724577
2017-04-12,296.84,308.4481,296.32,306.34,6050682
2017-04-13,304,307.39,295.3,296.7,9284634
2017-04-17,301.44,304,298.68,302.7,4138736
2017-04-18,300.25,300.8399,297.9,299.7,3035698
2017-04-19,305.52,306.62,302.11,302.46,3898024
2017-04-20,302.51,309.15,300.23,306.51,6149352
2017-04-21,305.6,306.4,300.42,302,4509756
2017-04-24,308.03,310.55,306.0215,309.22,5077561
2017-04-25,313.79,313.98,305.86,308,6666406
2017-04-26,310.17,314.5,309,312.37,4184186
2017-04-27,308.63,313.09,307.5,311.69,3430245
2017-04-28,314.07,314.8,308,309.83,4447619
2017-05-01,322.83,327.25,314.81,314.88,8480546
2017-05-02,318.89,327.6599,316.5601,324,5242868
2017-05-03,311.02,321.53,310.45,317.67,6278906
2017-05-04,295.46,307.77,290.7601,307.435,14039582
2017-05-05,308.35,308.55,296.8,298,8084153
2017-05-08,307.19,313.79,305.82,310.9,6981229
2017-05-09,321.26,321.99,309.1,309.38,9596356
2017-05-10,325.22,325.5,318.12,321.56,5681214
2017-05-11,323.1,326,319.6,323.4,4693235
2017-05-12,324.81,327,321.53,325.48,4114166
2017-05-15,315.88,320.2,312.53,318.38,7568594
2017-05-16,317.01,320.06,315.14,317.59,4121619
2017-05-17,306.11,314.63,305.5,314.39,6675795
2017-05-18,313.06,313.94,305.31,307,5590416
2017-05-19,310.83,316.5,310.2,315.5,4639506
2017-05-22,310.35,314.37,306.8,312.8,4279615
2017-05-23,303.86,310.73,303.48,310.46,4304658
2017-05-24,310.22,311,305.4,306.51,5016931
2017-05-25,316.83,316.97,307.81,311.02,4819412
2017-05-26,325.14,325.49,316.31,317.28,7705715
2017-05-30,335.1,336.28,325.76,326,7663064
2017-05-31,341.01,342.89,335.16,337.69,9863176
2017-06-01,340.37,344.88,337.29,344,7580447
2017-06-02,339.85,342.88,335.93,339.77,5570256
2017-06-05,347.32,348.44,334.21,338.5,6737855
2017-06-06,352.85,359.4929,339.97,344.7,10951473
2017-06-07,359.65,360.5,355.14,356.34,9287888
2017-06-08,370,371.9,360.22,363.75,8975028
2017-06-09,357.32,376.87,354.8,374.42,17160231
2017-06-12,359.01,364.5,350.62,357.99,10476833
2017-06-13,375.95,376,366.61,367.62,11693404
2017-06-14,380.66,384.25,376.31,381.085,12731997
2017-06-15,375.34,375.46,366.49,372.5,10371559
2017-06-16,371.4,378.01,370.1,377.975,6259666
2017-06-19,369.8,376.7,367.8,375,6392331
2017-06-20,372.24,378.88,369.73,376.67,7396357
2017-06-21,376.4,376.99,368.02,374.35,4900356
2017-06-22,382.61,385,373.57,377.99,7485677
2017-06-23,383.45,386.99,379.345,382.45,6176578
2017-06-26,377.49,386.95,373.1,386.69,6575285
2017-06-27,362.37,376.4,362.02,376.4,6884529
2017-06-28,371.24,371.74,362.52,366.68,6245040
2017-06-29,360.75,371,354.1,370.61,8180408
2017-06-30,361.61,366.7674,359.6187,363.71,5759458
2017-07-03,352.62,371.35,351.5,370.24,6297330
2017-07-05,327.09,347.24,326.33,347.2,16883496
2017-07-06,308.83,320.7899,306.3,317.26,19189195
2017-07-07,313.22,317,307.38,313.5,14053750
2017-07-10,316.05,317.94,303.13,312.9,13702080
2017-07-11,327.22,327.28,314.3,316,11400054
2017-07-12,329.52,333.1,324.5,330.4,10297839
2017-07-13,323.41,331.6,319.97,330.11,8540442
2017-07-14,327.78,328.42,321.22,323.19,5590393
2017-07-17,319.57,327.1,313.45,325.54,9784200
2017-07-18,328.24,329.13,315.66,317.5,6326961
2017-07-19,325.26,331.65,323.2193,328.23,6300735
2017-07-20,329.92,330.22,324.2,326.9,5098707
2017-07-21,328.4,331.2575,325.8,329.46,4826383
2017-07-24,342.52,343.399,330.01,330.24,8552012
2017-07-25,339.6,345.6,334.15,345,6958889
2017-07-26,343.85,345.5,338.12,340.36,4750198
2017-07-27,334.46,347.5,326.29,346,8259202
2017-07-28,335.07,339.6,332.51,336.89,4841257
2017-07-31,323.47,341.49,321.04,335.5,8499335
2017-08-01,319.57,324.45,316.13,323,8247544
2017-08-02,325.89,327.12,311.22,318.94,9911432
2017-08-03,347.09,350,343.15,345.33,13448583
2017-08-04,356.91,357.27,343.3,347,9151520
2017-08-07,355.17,359.48,352.75,357.35,6265570
2017-08-08,365.22,368.58,357.4,357.53,7363033
2017-08-09,363.53,370,358.95,361,6847245
2017-08-10,355.4,366.6504,354.66,361.6,7035192
2017-08-11,357.715,361.26,353.62,356.97,4318835
2017-08-14,363.8,367.66,362.6,364.63,4461215
2017-08-15,362.33,365.49,359.37,365.2,3048074
2017-08-16,362.91,366.5,362.52,363,3328576
2017-08-17,351.92,363.3,351.59,361.21,4969222
2017-08-18,347.46,354,345.8,352.91,5335793
2017-08-21,337.86,345.82,331.85,345.82,6458812
2017-08-22,341.35,342.24,337.3725,341.13,4288367
2017-08-23,352.77,353.49,338.3041,338.99,4914201
2017-08-24,352.93,356.66,349.74,352.52,4540652
2017-08-25,348.05,355.69,347.3,354.24,3461744
2017-08-28,345.66,347.35,339.72,347.28,3718108
2017-08-29,347.36,349.05,338.75,339.48,4032825
2017-08-30,353.18,353.47,347,349.67,3390055
2017-08-31,355.9,358.44,352.82,353.55,4061400
2017-09-01,355.4,357.59,353.69,356.12,3049500
2017-09-05,349.59,355.49,345.89,353.8,3835100
2017-09-06,344.53,350.979,341.56,349.5,4058983
2017-09-07,350.61,352.48,343.45,345.98,4219997
2017-09-08,343.4,349.78,342.3,348.99,3263500
2017-09-11,363.69,363.71,350,351.35,7667100
2017-09-12,362.75,368.76,360.4,364.49,5929289
2017-09-13,366.23,368.07,359.59,363.82,4161382
2017-09-14,377.64,377.96,362.63,364.33,7141663
2017-09-15,379.81,380,372.7,374.51,5420500
2017-09-18,385,389.61,377.68,380.25,7149295
2017-09-19,375.1,382.39,373.57,380,6256035
2017-09-20,373.91,378.249,371.07,373,4892872
2017-09-21,366.48,376.83,364.51,374.9,4605428
2017-09-22,351.09,369.8999,350.88,366.49,8105653
2017-09-25,344.99,357.469,342.88,353.15,7542161
2017-09-26,345.25,351.24,340.9,350.93,7126550
2017-09-27,340.97,351.489,340.5,349.9,6010631
2017-09-28,339.6,342.75,335.4,339.88,5279310
2017-09-29,341.1,344.68,338.601,341.86,5062297
2017-10-02,341.53,343.7,335.51,342.52,4901453
2017-10-03,348.14,348.55,331.28,335.9,9981885
2017-10-04,355.01,358.62,349.6,351.25,8120353
2017-10-05,355.33,357.435,351.35,356,4102286
2017-10-06,356.88,360.0992,352.25,353.1,4171789
2017-10-09,342.94,351.75,342.67,349.65,7406324
2017-10-10,355.59,355.63,345.5305,346.8,6914972
2017-10-11,354.6,357.6,351.15,353.89,4476769
2017-10-12,355.68,359.78,352.64,352.95,4047318
2017-10-13,355.57,358.49,353.68,356.98,3528413
2017-10-16,350.6,354.48,347.16,353.76,5353262
2017-10-17,355.75,356.22,350.07,350.91,3280670
2017-10-18,359.65,363,354.13,355.97,4898808
2017-10-19,351.81,357.1465,348.2,355.56,5032884
2017-10-20,345.1,354.55,344.34,352.69,4888221
2017-10-23,337.02,349.95,336.25,349.88,5715817
2017-10-24,337.34,342.8,336.16,338.8,4463807
2017-10-25,325.84,337.5,323.56,336.7,8547764
2017-10-26,326.17,330.23,323.2,327.78,4980316
2017-10-27,320.87,324.59,316.66,319.75,6942493
2017-10-30,320.08,323.78,317.25,319.18,4236029
2017-10-31,331.53,331.95,320.18,320.23,5532647
2017-11-01,321.08,332.6089,320.26,332.25,7028856
2017-11-02,299.26,308.69,292.63,300.13,19731322
2017-11-03,306.09,306.25,295.13,299.5,8835157
2017-11-06,302.78,307.5,299.01,307,6463227
2017-11-07,306.05,306.5,300.03,301.02,5209573
2017-11-08,304.39,306.89,301.3001,305.5,4703127
2017-11-09,302.99,304.46,296.3,302.5,5419497
2017-11-10,302.99,308.36,301.85,302.5,4600097
2017-11-13,315.4,316.8,299.11,300.13,7536669
2017-11-14,308.7,316.35,306.9,315,5676100
2017-11-15,311.3,312.49,301.5,306.01,5909055
2017-11-16,312.5,318.14,311.3,313.99,5822100
2017-11-17,315.05,326.67,313.15,325.67,13682753
2017-11-20,308.74,315.5,304.75,313.79,8247700
2017-11-21,317.81,318.23,308.71,310.86,7230570
2017-11-22,312.6,317.42,311.84,316.77,4890091
2017-11-24,315.55,316.41,311,313.79,3242220
2017-11-27,316.81,317.34,309.51,313.25,4524921
2017-11-28,317.55,320,313.92,316.36,4916555
2017-11-29,307.54,318,301.23,317.3,8767400
2017-11-30,308.85,310.7,304.54,308.56,4351600
2017-12-01,306.53,310.32,305.05,305.44,4292900
2017-12-04,305.2,308.265,300.61,306.5,5811205
2017-12-05,303.7,308,301,302,4628462
2017-12-06,313.26,313.39,300,300.1,7160938
2017-12-07,311.24,318.6341,311.05,312,4705140
2017-12-08,315.13,316.98,311.26,314.6,3442898
2017-12-11,328.91,329.01,313.75,314.63,7938000
2017-12-12,341.03,341.44,330.03,330.45,8648534
2017-12-13,339.03,344.22,336.5,340.93,6189204
2017-12-14,337.89,347.44,336.9,341.01,5744750
2017-12-15,343.45,343.9,335.76,342.04,6832071
2017-12-18,338.87,346.73,337.58,344.9,5441450
2017-12-19,331.1,341.49,330.3,340.26,6792009
2017-12-20,328.98,333.1,325.04,332.69,5937684
2017-12-21,331.66,333.74,327.21,329.59,4344701
2017-12-22,325.2,330.92,324.82,329.51,4186131
2017-12-26,317.29,323.94,316.58,323.83,4321909
2017-12-27,311.64,317.68,310.75,316,4645441
2017-12-28,315.36,315.82,309.54,311.75,4294689
2017-12-29,311.35,316.41,310,316.18,3727621
2018-01-02,320.53,322.11,311,312,4326988
2018-01-03,317.25,325.25,315.55,321,4185665
2018-01-04,314.62,318.55,305.68,312.87,9915932
2018-01-05,316.58,317.24,312,316.62,4578729
2018-01-08,336.41,337.02,315.5,316,9777059
2018-01-09,333.69,338.8,327.4,335.16,7109115
2018-01-10,334.8,337,330,332.2,4236168
2018-01-11,337.95,344.81,333.26,335.24,6619082
2018-01-12,336.22,340.41,333.67,338.63,4805025
2018-01-16,340.06,345,334.8,337.54,6392397
2018-01-17,347.16,349,339.75,340.47,7062337
2018-01-18,344.57,352.3,343.74,345.67,5619990
2018-01-19,350.02,350.59,342.6,345,4812052
2018-01-22,351.56,357.83,349.2,349.4,6157941
2018-01-23,352.79,360.5,351,360,5428872
2018-01-24,345.89,354.75,343.52,354.58,5251654
2018-01-25,337.64,349.2,336.4,348.27,6640964
2018-01-26,342.85,344,335.71,341.5,4515013
2018-01-29,349.53,350.85,338.28,339.85,4722025
2018-01-30,345.82,348.27,342.17,345.14,4696465
2018-01-31,354.31,356.19,345.19,347.51,6076998
2018-02-01,349.25,359.66,348.63,351,4163194
2018-02-02,343.75,351.95,340.51,348.44,3674909
2018-02-05,333.13,344.47,333,337.97,4053777
2018-02-06,333.97,336.22,323.5,325.21,4937928
2018-02-07,345,346,335.66,338.99,5846823
2018-02-08,315.23,348.62,314.6,343.31,9996464
2018-02-09,310.42,320.98,294.76,319.93,12795099
2018-02-12,315.73,318.08,306.25,316.13,6166161
2018-02-13,323.66,324.19,312.51,315.02,4506915
2018-02-14,322.31,326.17,318.52,320.84,3930911
2018-02-15,334.07,334.12,322.4,324.5,5892048
2018-02-16,335.49,343.12,331.64,332.5,5585810
2018-02-20,334.77,340.84,331.5,334.47,3996951
2018-02-21,333.3,339.69,333.17,336.03,3181755
2018-02-22,346.17,347.44,334.75,335.53,6940349
2018-02-23,352.05,354.99,347.1,347.83,5790795
2018-02-26,357.42,359,352.36,353.5,4312871
2018-02-27,350.99,359.99,350.01,356.25,4761537
2018-02-28,343.06,355.24,342.22,352.57,6042895
2018-03-01,330.93,348.67,330.07,345.01,6885600
2018-03-02,335.12,335.22,322.97,326.98,5092800
2018-03-05,333.35,337.75,329.29,332.39,3823800
2018-03-06,328.2,336.37,327.03,333.75,4285700
2018-03-07,332.3,332.5,321.74,325.44,5007297
2018-03-08,329.1,333.3,326.27,332.86,3476944
2018-03-09,327.17,328.49,322.37,324.1,5479716
2018-03-12,345.51,347.21,326.5,328.61,8212156
2018-03-13,341.84,347.21,326.5,328.61,5932110
2018-03-14,326.63,339.81,323.93,336.76,7932511
2018-03-15,325.6,332.85,321.1,329.38,6366922
2018-03-16,321.35,327.4,319.07,322.93,6058612
2018-03-19,313.56,320.75,309.67,316.5,7440766
2018-03-20,310.55,316.25,308.76,314.87,4726182
2018-03-21,316.53,322.44,310.19,310.25,5927881
2018-03-22,309.1,318.82,308.18,313.89,4914307
2018-03-23,301.54,311.25,300.45,311.25,6600538
2018-03-26,304.18,307.59,291.36,307.34,8324639
2018-03-27,279.18,304.27,277.18,304,13696168
2018-03-28,257.78,268.68,252.1,264.58,21001400
2018-03-29,266.13,270.96,248.21,256.49,15170700
2018-04-02,252.48,260.33,244.59,256.26,16114000
2018-04-03,267.53,273.35,254.49,269.82,18844400
2018-04-04,286.94,288.37,252,252.78,19896700
2018-04-05,305.72,306.26,288.2,289.34,19121100
2018-04-06,299.3,309.28,295.5,301,13520300
2018-04-09,289.66,309.5,289.21,300.37,10249800
2018-04-10,304.7,307.1,293.68,298.97,10989800
2018-04-11,300.93,308.98,299.66,300.74,7443800
2018-04-12,294.08,303.95,293.68,302.32,7608800
2018-04-13,300.34,303.95,295.98,303.6,7327200
2018-04-16,291.21,299.66,289.01,299,6338500
2018-04-17,287.69,292.17,282.51,288.87,7000000
2018-04-18,293.35,300.24,288.16,291.08,6557700
2018-04-19,300.08,301.01,288.55,291.08,6090600
2018-04-20,290.24,299.98,289.75,295.17,5627900
2018-04-23,283.37,291.62,282.33,291.29,4893400
2018-04-24,283.46,287.09,278.46,285,5685300
2018-04-25,280.69,285.16,277.25,283.5,4013600
2018-04-26,285.48,285.79,276.5,278.75,4356000
2018-04-27,294.08,294.47,283.83,285.37,4364600
2018-04-30,293.9,298.73,292.5,293.61,4228200
2018-05-01,299.92,300.82,293.22,293.51,4625600
2018-05-02,301.15,306.85,297.78,298.57,8970400
2018-05-03,284.45,288.04,275.23,278.79,17352100
2018-05-04,294.09,296.86,279.52,283,8569400
2018-05-07,302.77,305.96,295.17,297.5,8678200
2018-05-08,301.97,307.75,299,300.8,5930000
2018-05-09,306.85,307.01,300.05,300.41,5727400
2018-05-10,305.02,312.99,304.11,307.5,5651600
2018-05-11,301.06,308.88,299.08,307.7,4679600
2018-05-14,291.97,304.94,291.62,303.32,7286800
2018-05-15,284.18,286.96,280.5,285.01,9519200
2018-05-16,286.48,288.81,281.56,283.83,5674000
2018-05-17,284.54,289.19,283.97,285.9,4420600
2018-05-18,276.82,284.65,274,284.65,7251900
2018-05-21,284.49,291.49,281.3,281.33,9182600
2018-05-22,275.01,288,273.42,287.76,8945800
2018-05-23,279.07,279.91,274,277.76,5953100
2018-05-24,277.85,281.11,274.89,278.4,4176700
2018-05-25,278.85,279.64,275.61,277.63,3875100
2018-05-29,283.76,286.5,276.15,278.51,5651100
2018-05-30,291.72,295.01,281.6,283.29,7489700
2018-05-31,284.73,290.37,282.93,287.21,5919700
2018-06-01,291.82,291.95,283.84,285.86,5424400
2018-06-04,296.74,299,293.55,294.34,4797800
2018-06-05,291.13,297.8,286.74,297.7,5864700
2018-06-06,319.5,322.17,297.48,300.5,18767300
2018-06-07,316.09,330,313.58,316.15,14345300
2018-06-08,317.66,324.48,317.15,319,8205200
2018-06-11,332.1,334.66,322.5,322.51,13183500
2018-06-12,342.77,354.97,338,344.7,22347400
2018-06-13,344.78,347.2,339.8,346.71,9469800
2018-06-14,357.72,358.75,346.6,347.63,10981000
2018-06-15,358.17,364.67,351.25,353.84,10848300
2018-06-18,370.83,373.73,354.5,355.4,12073200
2018-06-19,352.55,370,346.25,365.16,12761900
2018-06-20,362.22,364.38,352,358.04,8383700
2018-06-21,347.51,366.21,346.27,362,7967100
2018-06-22,333.63,352.25,332,351.54,10237500
2018-06-25,333.01,338.47,327.5,330.12,6931300
2018-06-26,342,343.55,325.8,336.05,7452500
2018-06-27,344.5,350.79,339.5,345,8322500
2018-06-28,349.93,357.02,346.11,348.66,8398000
2018-06-29,342.95,353.86,342.41,353.33,6492400
2018-07-02,335.07,364.78,329.85,360.07,18759800
2018-07-03,310.86,332.49,309.69,331.75,12282600
2018-07-05,309.16,314.39,296.22,313.76,17476400
2018-07-06,308.9,312.07,302,304.95,8865500
2018-07-09,318.51,318.52,308,311.99,7596800
2018-07-10,322.47,327.68,319.2,324.56,9471500
2018-07-11,318.96,321.94,315.07,315.8,4884100
2018-07-12,316.71,323.23,312.77,321.43,5721200
2018-07-13,318.87,319.58,309.25,315.58,5869800
2018-07-16,310.1,315.16,306.25,311.71,7809900
2018-07-17,322.69,324.74,308.5,308.81,6996200
2018-07-18,323.85,325.5,316.25,325,5624200
2018-07-19,320.23,323.54,314.01,316.33,5915300
2018-07-20,313.58,323.24,311.71,321.23,5162200
2018-07-23,303.2,305.5,292.86,301.84,10992900
2018-07-24,297.43,307.72,292.55,304.42,9589000
2018-07-25,308.74,309.62,294.5,296.74,7075400
2018-07-26,306.65,310.7,303.64,304.85,4630500
2018-07-27,297.18,307.69,295.34,307.25,5703300
2018-07-30,290.17,296.1,286.13,295.9,6814100
2018-07-31,298.14,298.32,289.07,292.25,5076900
2018-08-01,300.84,303,293,297.99,10129400
2018-08-02,349.54,349.99,323.16,328.44,23215000
2018-08-03,348.17,355,342.53,347.81,13656500
2018-08-06,341.99,354.98,341.82,345.46,8564300
2018-08-07,379.57,387.46,339.15,343.84,30875800
2018-08-08,370.34,382.64,367.12,369.09,24571200
2018-08-09,352.45,367.01,345.73,365.55,17103700
2018-08-10,355.49,360,346,354,11552000
2018-08-13,356.41,363.19,349.02,361.13,10450200
2018-08-14,347.64,359.2,347.1,358.45,6986400
2018-08-15,338.69,344.49,332.14,341.91,9101300
2018-08-16,335.45,342.28,333.82,339.91,6064000
2018-08-17,305.5,326.77,303.53,323.5,18958600
2018-08-20,308.44,308.5,288.2,291.7,17402300
2018-08-21,321.9,324.79,309,310.61,13172200
2018-08-22,321.64,323.88,314.67,320.87,5946000
2018-08-23,320.1,327.32,318.1,319.14,5147300
2018-08-24,322.82,323.85,319.4,320.7,3602600
2018-08-27,319.27,322.44,308.81,318,13079300
2018-08-28,311.86,318.88,311.19,318.41,7649100
2018-08-29,305.01,311.85,303.69,310.27,7447400
2018-08-30,303.15,304.6,297.72,302.26,7216700
2018-08-31,301.66,305.31,298.6,302,5375100
2018-09-04,288.95,298.19,288,296.94,8350500
2018-09-05,280.74,286.78,277.18,285.05,7720800
2018-09-06,280.95,291.17,278.88,284.8,7480800
2018-09-07,263.24,268.35,252.25,260.1,22491900
2018-09-10,285.5,286.03,271,273.26,14257200
2018-09-11,279.44,282,273.55,279.47,9170000
2018-09-12,290.54,292.5,278.65,281.44,10015400
2018-09-13,289.46,295,285.18,288.02,6340300
2018-09-14,295.2,297.33,286.52,288.76,6763600
2018-09-17,294.84,300.87,288.13,290.04,6887600
2018-09-18,284.96,302.64,275.5,296.69,16547500
2018-09-19,299.02,300,280.5,280.51,8294900
2018-09-20,298.33,305.98,293.33,303.56,7349400
2018-09-21,299.1,300.58,295.37,297.7,5050500
2018-09-24,299.68,303,293.58,298.48,4843000
2018-09-25,300.99,304.6,296.5,300,4481700
2018-09-26,309.58,313.89,301.11,301.91,7843200
2018-09-27,307.52,314.96,306.91,312.9,8509100
2018-09-28,264.77,278,260.56,270.26,33649700
2018-10-01,310.7,311.44,301.05,305.77,21777600
2018-10-02,301.02,316.84,299.15,313.95,11743500
2018-10-03,294.8,304.6,291.57,303.33,7995000
2018-10-04,281.83,294,277.67,293.95,9814200
2018-10-05,261.95,274.88,260,274.65,17944500
2018-10-08,250.56,267.76,249,264.52,13472700
2018-10-09,262.8,266.77,253.3,255.25,12060600
2018-10-10,256.88,265.51,247.77,264.61,12815300
2018-10-11,252.23,262.25,249.03,257.53,8167700
2018-10-12,258.78,261.99,252.01,261,7201400
2018-10-15,259.59,263.28,254.54,259.06,6200000
2018-10-16,276.59,277.38,262.24,265.7,9526400
2018-10-17,271.78,282.7,265.8,282.4,8655500
2018-10-18,263.91,271,263,269.29,5421200
2018-10-19,260,269.66,253.5,267.39,9375500
2018-10-22,260.95,261.86,252.59,260.68,5600300
2018-10-23,294.14,297.93,262.1,263.87,19027800
2018-10-24,288.5,304.44,285.73,301.05,20058300
2018-10-25,314.86,321,301.01,317.22,20840700
2018-10-26,330.9,339.9,306.65,308.25,27425500
2018-10-29,334.85,347.16,326.5,337.47,14486000
2018-10-30,329.9,337.9,322.26,328.39,9126700
2018-10-31,337.32,342,329.1,332.54,7624300
2018-11-01,344.28,347.84,334.73,338.26,8000100
2018-11-02,346.41,349.2,340.91,343.74,7808000
2018-11-05,341.4,343.96,330.14,340.5,7831000
2018-11-06,341.06,348.8,336.09,339.07,6762900
2018-11-07,348.16,351.18,340.8,343.34,7374500
2018-11-08,351.4,357.58,348.44,348.5,7090700
2018-11-09,350.51,354,345.23,349,5098800
2018-11-12,331.28,349.78,330.34,348.37,6941500
2018-11-13,338.73,344.7,332.2,333.16,5448600
2018-11-14,344,347.11,337.15,342.7,5040300
2018-11-15,348.44,348.58,339.04,342.33,4625700
2018-11-16,354.31,355.7,345.12,345.19,7206200
2018-11-19,353.47,366.75,352.88,356.34,9708900
2018-11-20,347.49,349.8,333.55,341.75,8004700
2018-11-21,338.19,353.1,337.4,352,4683500
2018-11-23,325.83,337.5,325.55,334.345,4202642
2018-11-26,346,346.22,325,325,7992100
2018-11-27,343.92,346.96,335.5,340.05,6358300
2018-11-28,347.87,348.28,342.21,345.99,4127600
2018-11-29,341.17,347.5,339.55,347,3080700
2018-11-30,350.48,351.6,338.26,341.83,5629100
2018-12-03,358.49,366,352,360,8306500
2018-12-04,359.7,368.68,352,356.05,8461900
2018-12-06,363.06,367.38,350.76,356.01,7842508
2018-12-07,357.97,379.49,357.65,369,11511200
2018-12-10,365.15,365.98,353.12,360,6613500
2018-12-11,366.76,372.17,360.23,369.91,6308800
2018-12-12,366.6,371.91,365.16,369.42,5027000
2018-12-13,376.79,377.44,366.75,370.15,7365900
2018-12-14,365.71,377.87,364.33,375,6331500
2018-12-17,348.42,365.7,343.88,362,7674000
2018-12-18,337.03,351.55,333.69,350.54,7090000
2018-12-19,332.97,347.01,329.74,337.6,8274200
2018-12-20,315.38,330.29,311.87,327.05,9054500
2018-12-21,319.77,323.47,312.44,317.4,8016800
2018-12-24,295.39,314.5,295.2,313.5,5559900
2018-12-26,326.09,326.97,294.09,300,8163100
2018-12-27,316.13,322.17,301.5,319.84,8569300
2018-12-28,333.87,336.24,318.41,323.1,9938992
2018-12-31,332.8,339.21,325.26,337.79,6302338
2019-01-02,310.12,315.13,298.8,306.1,11658600
2019-01-03,300.36,309.4,297.38,307,6965200
2019-01-04,317.69,318,302.73,306,7394100
2019-01-07,334.96,336.74,317.75,321.72,7551200
2019-01-08,335.35,344.01,327.02,341.96,7008500
2019-01-09,338.53,343.5,331.47,335.5,5432900
2019-01-10,344.97,345.39,331.79,334.4,6056400
2019-01-11,347.26,348.41,338.77,342.09,5039100
2019-01-14,334.4,342.5,334,342.38,5247300
2019-01-15,344.43,348.8,334.5,335,6056600
2019-01-16,346.05,352,343.5,344.78,4691700
2019-01-17,347.31,351.5,344.15,346.21,3676700
2019-01-18,302.26,327.13,299.73,323,24150800
2019-01-22,298.92,308,295.5,304.82,12066700
2019-01-23,287.59,294.5,281.69,292.5,12530000
2019-01-24,291.51,293.68,279.28,283.03,8012200
2019-01-25,297.04,298.52,289.55,294.39,7249600
2019-01-28,296.38,297.46,287.75,292.91,6423300
2019-01-29,297.46,298.56,291.8,295.27,4621700
2019-01-30,308.77,309,298.49,300.45,11250300
2019-01-31,307.02,311.56,294,301,12569200
2019-02-01,312.21,316.1,303.5,305.42,7283400
2019-02-04,312.89,315.3,301.88,312.98,7352100
2019-02-05,321.35,322.44,312.25,312.49,6742800
2019-02-06,317.22,324.24,315.62,319.59,5038500
2019-02-07,307.51,314.7,303,313.3,6520600
2019-02-08,305.8,307.45,298.5,306.83,5844200
2019-02-11,312.84,318.6,310.5,311.6,7129700
2019-02-12,311.81,318.19,309.62,316.2,5517600
2019-02-13,308.17,312.75,305.57,312.35,5135700
2019-02-14,303.77,306.77,301,303.38,5200800
2019-02-15,307.88,308,303.9,304.5,3904900
2019-02-19,305.64,311.54,305.47,306.56,4168400
2019-02-20,302.56,306.3,299,304.41,7085800
2019-02-21,291.23,303.2399,290.5,301.81,8909182
2019-02-22,294.71,296.5,292.1,294.49,5740558
2019-02-25,298.77,302.9,297,297.91,6626500
2019-02-26,297.86,302.01,288.77,292.22,8582500
2019-02-27,314.74,316.3,300.55,301.78,11183900
2019-02-28,319.88,320,310.81,318.92,10520700
2019-03-01,294.79,307.13,291.9,306.94,22874000
2019-03-04,285.36,299,282.78,298.12,17096800
2019-03-05,276.54,284,270.1,282,18764700
2019-03-06,276.24,281.51,274.39,276.48,10335500
2019-03-07,276.59,284.7,274.25,278.84,9442500
2019-03-08,284.14,285.59,275.89,276.91,8819600
2019-03-11,290.92,291.28,280.5,283.52,7392300
2019-03-12,283.36,288.07,281.06,286.49,7504100
2019-03-13,288.96,291.99,282.7,283.9,6844700
2019-03-14,289.96,295.39,288.29,292.45,7074200
2019-03-15,275.43,283.72,274.4,283.51,14785500
2019-03-18,269.49,278.05,267.3,276,10268200
2019-03-19,267.47,273.3,263.46,267.5,11800600
2019-03-20,273.6,274.97,266.3,269.69,6908200
2019-03-21,274.02,276.45,268.45,272.6,5947100
2019-03-22,264.53,272.8,264,272.58,8745600
2019-03-25,260.42,263.18,254.46,259.71,10215000
2019-03-26,267.77,270.26,264.43,264.44,7350900
2019-03-27,274.83,275.37,268.18,268.75,8779200
2019-03-28,278.62,280.33,275.1,277.16,6774100
2019-03-29,279.86,280.16,274.5,278.7,5991300
2019-04-01,289.18,289.2,281.28,282.62,8110400
2019-04-02,285.88,289.44,283.88,288.3,5478900
2019-04-03,291.81,296.17,287.17,287.32,7929900
2019-04-04,267.78,271.2,260.59,261.89,23720700
2019-04-05,274.96,276.1,266.11,269.86,13038300
2019-04-08,273.2,281.16,270.44,277.69,10410400
2019-04-09,272.31,275,269.61,271.65,5904000
2019-04-10,276.06,278.38,272.89,276.74,7061300
2019-04-11,268.42,270.5,265.6,268.3,9835900
2019-04-12,267.7,271.95,266.83,270.22,6746000
2019-04-15,266.38,268.88,258.63,268.63,10034300
2019-04-16,273.36,275,264.72,265.75,7272900
2019-04-17,271.23,274.79,268.54,274.75,5126500
2019-04-18,273.26,274.84,269.75,271.23,5876300
2019-04-22,262.75,269.68,262.48,269,12147100
2019-04-23,263.9,265.6,255.75,260.15,10935400
2019-04-24,258.66,265.32,258,263.85,10727500
2019-04-25,247.63,259,246.07,255,21835300
2019-04-26,235.14,246.68,231.13,246.5,22360700
2019-04-29,241.47,243.98,232.17,235.86,16714500
2019-04-30,238.69,244.21,237,242.06,9464600
2019-05-01,234.01,240,231.5,238.85,10704400
2019-05-02,244.1,247.13,237.72,245.52,18159300
2019-05-03,255.03,256.61,243.49,243.86,23706800
2019-05-06,255.34,258.35,248.5,250.02,10833900
2019-05-07,247.06,257.21,245.1,256.8,10131400
2019-05-08,244.84,250.6,244.2,246.94,6176400
2019-05-09,241.98,243.68,236.94,242,6711400
2019-05-10,239.52,241.99,236.02,239.75,7008300
2019-05-13,227.01,232.47,224.5,232.01,10834800
2019-05-14,232.31,234.5,228,229.3,7252400
2019-05-15,231.95,232.44,225.25,229.32,7296000
2019-05-16,228.33,231,226.5,229.49,7483300
2019-05-17,211.03,222.24,208.92,221.96,17786700
2019-05-20,205.36,206,195.25,202.8,20526200
2019-05-21,205.08,207.4,196.04,197.76,18003900
2019-05-22,192.73,203.94,191.78,199.1,18685200
2019-05-23,195.49,199.47,186.22,194.34,26547100
2019-05-24,190.63,199.98,188.75,199.83,14136600
2019-05-28,188.7,195,187.85,191.2,10312900
2019-05-29,189.86,192.39,185.04,187.1,11955100
2019-05-30,188.22,192.26,187.02,188.75,7926500
2019-05-31,185.16,189.92,184.1,185.1,10406700
2019-06-03,178.97,186.68,176.99,185.51,13050900
2019-06-04,193.6,193.98,179.61,181.1,13807500
2019-06-05,196.59,201.28,191.85,198.68,13510800
2019-06-06,205.95,211,201.8,204.44,20242200
2019-06-07,204.5,210.8438,203.499,205,16003527
2019-06-10,212.88,216.94,209.01,210.25,10585000
2019-06-11,217.1,220.9,213.5,219.14,11653500
2019-06-12,209.26,223.38,209,222.95,15197500
2019-06-13,213.91,214.9,207.51,210.38,8168300
2019-06-14,214.92,216.65,210.4,211.25,7433400
2019-06-17,225.03,227,214.27,215.48,12316800
2019-06-18,224.74,234.74,222.56,228.72,12668900
2019-06-19,226.43,227.77,221.06,225.11,6575135
2019-06-20,219.62,226.9,216.35,223,11863500
2019-06-21,221.86,222.18,215.5,216.22,8202100
2019-06-24,223.64,225.86,221.02,223.24,5750800
2019-06-25,219.76,225.34,219.49,224.39,6182100
2019-06-26,219.27,227.23,218.1,220.31,8507200
2019-06-27,222.84,222.9,217.35,219.45,6339700
2019-06-28,223.46,225.17,220.8,220.99,6851400
2019-07-01,227.17,233.1,226.28,230.21,8238000
2019-07-02,224.55,229.15,222.22,228.89,9259000
2019-07-03,234.9,241.57,234.51,239.39,14201100
2019-07-05,233.1,235.45,230.8,234.57,7065700
2019-07-08,230.34,232.25,228.66,231.24,5880500
2019-07-09,230.06,231,227.28,228.97,6190800
2019-07-10,238.92,238.94,233.14,234.15,9145700
2019-07-11,238.6,241.5,235.8,238.14,7514400
2019-07-12,245.08,245.38,239.71,239.75,9200500
2019-07-15,253.5,254.42,244.86,248,11000100
2019-07-16,252.38,253.53,247.93,249.3,8149000
2019-07-17,254.86,258.31,253.35,255.67,9764700
2019-07-18,253.54,255.75,251.89,255.05,4764500
2019-07-19,258.18,259.96,254.62,255.69,7048400
2019-07-22,255.68,262.15,254.19,258.75,6842400
2019-07-23,260.17,260.48,254.5,256.71,5023100
2019-07-24,264.88,266.07,258.16,259.17,11072800
2019-07-25,228.82,234.5,225.55,233.5,22418300
2019-07-26,228.04,230.26,222.25,226.92,10027700
2019-07-29,235.77,235.94,226.03,227.09,9273300
2019-07-30,242.26,243.36,232.18,232.9,8109000
2019-07-31,241.61,246.68,236.65,243,9178200
2019-08-01,233.85,244.51,231.77,242.65,8259500
2019-08-02,234.34,236.27,229.23,231.35,6136500
2019-08-05,228.32,231.37,225.78,229.6,7028300
2019-08-06,230.75,232.5,225.75,231.88,5564200
2019-08-07,233.42,233.57,225.8,226.5,4776500
2019-08-08,238.3,239.8,232.65,234.45,5274300
2019-08-09,235.01,238.96,233.81,236.05,3898200
2019-08-12,229.01,235.77,228.75,232.99,4663900
2019-08-13,235,236,227.55,228.81,4848100
2019-08-14,219.62,231.5,216.69,231.21,9562600
2019-08-15,215.64,221.56,211.55,220.86,8159600
2019-08-16,219.94,222.24,216.02,216.66,5207376
2019-08-19,226.83,227.83,221.7,224.21,5309600
2019-08-20,225.86,229.09,224.54,227.62,4125200
2019-08-21,220.83,223.22,217.6,222.01,7794300
2019-08-22,222.15,225.4,218.22,222.8,6559000
2019-08-23,211.4,221.17,211,219.97,8538600
2019-08-26,215,215.02,211.54,213.6,5051900
2019-08-27,214.08,218.8,212.03,215.74,5416200
2019-08-28,215.59,217.25,212.31,213.69,3225500
2019-08-29,221.71,223.4,218,219,5179500
2019-08-30,225.61,232.44,224.21,229.15,9320600
2019-09-03,225.01,228.95,223.16,224.08,5354100
2019-09-04,220.68,228.46,219.21,226.89,5761000
2019-09-05,229.58,229.8,220.85,222.5,7395300
2019-09-06,227.45,229.64,225.17,227.2,4189400
2019-09-09,231.79,233.76,229.23,230,4802700
2019-09-10,235.54,235.54,228.94,230.8,4883700
2019-09-11,247.1,248.17,236,237.38,10042800
2019-09-12,245.87,253.5,244.4,247.7,8581200
2019-09-13,245.2,248.45,244.87,246.96,5313100
2019-09-16,242.81,247.43,241.17,246,4728100
2019-09-17,244.79,245.6,240.37,242.47,3865400
2019-09-18,243.49,248.17,242.37,245,4170200
2019-09-19,246.6,247.94,244.84,246,4795800
2019-09-20,240.62,246.95,238.16,246.49,6353000
2019-09-23,241.23,245.18,239.22,240,4340200
2019-09-24,223.21,241.99,222.61,241.52,12891500
2019-09-25,228.7,228.98,218.36,224.56,9427100
2019-09-26,242.56,243.31,227.4,230.66,11884500
2019-09-27,242.13,248.71,238.73,242.2,11116400
2019-09-30,240.87,243.98,236.11,243,5879800
2019-10-01,244.69,245.95,239.13,241.5,6162600
2019-10-02,243.13,244.65,239.43,243.29,5631400
2019-10-03,233.03,234.48,224.28,231.86,15084500
2019-10-04,231.43,234.78,228.07,231.61,7995000
2019-10-07,237.72,238.56,228.55,229.8,8064200
2019-10-08,240.05,243.94,234.5,235.87,8678200
2019-10-09,244.53,247.3,240.65,241.32,6894400
2019-10-10,244.74,249.28,241.58,245.28,6283300
2019-10-11,247.89,251.08,246.81,247.15,8475400
2019-10-14,256.96,258.55,247.13,247.9,10205000
2019-10-15,257.89,260,254.12,257.7,6432800
2019-10-16,259.75,262.1,256.92,257.39,6684100
2019-10-17,261.97,264.78,260.17,262.5,4769300
2019-10-18,256.95,262.8,255.1,260.7,5749800
2019-10-21,253.5,259.5,250.18,258.33,5020300
2019-10-22,255.58,258.33,250.85,254.32,4600800
2019-10-23,254.68,256.14,251.35,254.5,5261100
2019-10-24,299.68,304.93,289.2,298.37,29720900
2019-10-25,328.13,330,296.11,297.72,30006100
2019-10-28,327.71,340.84,322.6,327.54,18870300
2019-10-29,316.22,324.3,314.75,319.99,12684300
2019-10-30,315.01,318.79,309.97,313,9641800
2019-10-31,314.92,319,313,313.1,5067000
2019-11-01,313.31,316.48,309.8,316.32,6383900
2019-11-04,317.47,321.94,309.26,314.8,8787000
2019-11-05,317.22,323.51,316.12,319.62,6943400
2019-11-06,326.58,326.72,314.5,318,7940900
2019-11-07,335.54,341.5,328.02,329.14,14467300
2019-11-08,337.14,337.46,332.5,334.5,6069200
2019-11-11,345.09,349.19,342,343.95,9986700
2019-11-12,349.93,350.37,344.04,346.9,7359400
2019-11-13,346.11,356.33,345.18,355,8420100
2019-11-14,349.35,353.84,342.91,346.11,6464900
2019-11-15,352.17,352.8,348.36,350.64,4809000
2019-11-18,349.99,353.15,346.1,352.92,4400400
2019-11-19,359.52,359.99,347.8,351.75,7724800
2019-11-20,352.22,361.2,349.57,360,6725100
2019-11-21,354.83,360.84,354,354.51,6110000
2019-11-22,333.04,341,330,340.16,16870600
2019-11-25,336.34,344.57,334.46,344.32,12339500
2019-11-26,328.92,335.5,327.1,335.27,7947400
2019-11-27,331.29,333.93,328.57,331.12,5555600
2019-11-29,329.94,331.26,327.5,331.11,2465600
2019-12-02,334.87,336.38,328.69,329.4,6074500
2019-12-03,336.2,337.91,332.19,332.62,6573700
2019-12-04,333.03,337.86,332.85,337.75,5533000
2019-12-05,330.37,334.42,327.25,332.83,3724600
2019-12-06,335.89,338.86,334.77,335,7612400
2019-12-09,339.53,344.45,335.08,336.59,9023100
2019-12-10,348.84,350.73,339.31,339.96,8828300
2019-12-11,352.7,357.19,351.09,351.88,6897800
2019-12-12,359.68,362.74,353.23,354.92,7763900
2019-12-13,358.39,365.21,354.64,361.05,6570900
2019-12-16,381.5,383.61,362.5,362.55,18174200
2019-12-17,378.99,385.5,375.9,378.99,8496800
2019-12-18,393.15,395.22,380.58,380.63,14121000
2019-12-19,404.04,406.85,396.5,397.32,18107100
2019-12-20,405.59,413,400.19,410.29,14752700
2019-12-23,419.22,422.01,410,411.78,13319600
2019-12-24,425.25,425.47,412.69,418.36,8054700
2019-12-26,430.94,433.48,426.35,427.91,10633900
2019-12-27,430.38,435.31,426.11,435,9945700
2019-12-30,414.7,429,409.26,428.79,12586400
2019-12-31,418.33,421.29,402.08,405,10285700
2020-01-02,430.26,430.7,421.71,424.5,9532100
2020-01-03,443.01,454,436.92,440.5,17778500
2020-01-06,451.54,451.56,440,440.47,10133000
2020-01-07,469.06,471.63,453.36,461.4,17882100
2020-01-08,492.14,498.49,468.23,473.7,31144300
2020-01-09,481.34,498.8,472.87,497.1,28440400
2020-01-10,478.15,484.94,473.7,481.79,12959500
2020-01-13,524.86,525.63,492,493.5,26517600
2020-01-14,537.92,547.41,524.9,544.26,28996200
2020-01-15,518.5,537.84,516.79,529.76,17368800
2020-01-16,513.49,514.46,492.17,493.75,21736700
2020-01-17,510.5,515.67,503.16,507.61,13629100
2020-01-21,547.2,548.58,528.41,530.25,17803500
2020-01-22,569.56,594.5,559.1,571.89,31369000
2020-01-23,572.2,582,555.6,564.25,19651000
2020-01-24,564.82,573.86,554.26,570.63,14353600
2020-01-27,558.02,564.44,539.28,541.99,13608100
2020-01-28,566.9,576.81,558.08,568.49,11788500
2020-01-29,580.99,589.8,567.43,575.69,17801500
2020-01-30,640.81,650.88,618,632.42,29005700
2020-01-31,650.57,653,632.52,640,15719300
2020-02-03,780,786.14,673.52,673.69,47233500
2020-02-04,887.06,968.99,833.88,882.96,60938800
2020-02-05,734.7,845.98,704.11,823.26,48423800
2020-02-06,748.96,795.83,687,699.92,39880800
2020-02-07,748.07,769.75,730,730.55,17063500
2020-02-10,771.28,819.99,752.4,800,24689200
2020-02-11,774.38,783.51,758,768.79,11697500
2020-02-12,767.29,789.75,763.37,777.87,12022500
2020-02-13,804,818,735,741.84,26289300
2020-02-14,800.03,812.97,785.5,787.22,15693700
2020-02-18,858.4,860,832.36,841.6,16381700
2020-02-19,917.42,944.78,901.02,923.5,25423000
2020-02-20,899.41,912,859.94,911.95,17634900
2020-02-21,901,913.06,880.45,906.98,14314800
2020-02-24,833.79,863.5,822.2,839,15192200
2020-02-25,799.91,856.6,787,849,17290500
2020-02-26,778.8,813.31,776.11,782.5,14085500
2020-02-27,679,739.77,669,730,24277200
2020-02-28,667.99,690.52,611.52,629.7,24564200
2020-03-02,743.62,743.69,686.67,711.26,20195000
2020-03-03,745.51,806.98,716.11,805,25784000
2020-03-04,749.5,766.52,724.73,763.96,15049000
2020-03-05,724.54,745.75,718.07,723.77,10852700
2020-03-06,703.48,707,684.27,690,12662900
2020-03-09,608,663,605,605.39,17073700
2020-03-10,645.33,668,608,659.43,15594400
2020-03-11,634.23,653.58,613,640.2,13322500
2020-03-12,560.55,594.5,546.25,580.89,18909100
2020-03-13,546.62,607.57,502,595,22640300
2020-03-16,445.07,494.87,442.17,469.5,20489500
2020-03-17,430.2,471.85,396,440.01,23994600
2020-03-18,361.22,404.86,350.51,389,23786200
2020-03-19,427.64,452,358.46,374.7,30195500
2020-03-20,427.53,477,425.79,438.2,28285500
2020-03-23,434.29,442,410.5,433.6,16454500
2020-03-24,505,513.69,474,477.3,22895200
2020-03-25,539.25,557,511.11,545.25,21222700
2020-03-26,528.16,560,512.25,547.39,17380700
2020-03-27,514.36,525.8,494.03,505,14377400
2020-03-30,502.13,516.65,491.23,510.26,11998100
2020-03-31,524,542.96,497,501.25,17771500
2020-04-01,481.56,513.95,475.1,504,13353200
2020-04-02,454.47,494.26,446.4,481.03,19858400
2020-04-03,480.01,515.49,468.39,509.5,22562100
2020-04-06,516.24,521,497.96,511.2,14901800
2020-04-07,545.45,565,532.34,545,17919800
2020-04-08,548.84,557.21,533.33,554.2,12656000
2020-04-09,573,575.18,557.11,562.09,13650000
2020-04-13,650.95,652,580.53,590.16,22475400
2020-04-14,709.89,741.88,692.43,698.97,30576500
2020-04-15,729.83,753.13,710,742,23577000
2020-04-16,745.21,759.45,706.72,716.94,20657900
2020-04-17,753.89,774.95,747.66,772.28,13128200
2020-04-20,746.36,765.57,712.21,732.7,14746600
2020-04-21,686.72,753.33,673.79,730.12,20209100
2020-04-22,732.11,734,688.71,703.98,14224800
2020-04-23,705.63,734,703.13,727.6,13236700
2020-04-24,725.15,730.73,698.18,710.81,13237600
2020-04-27,798.75,799.49,735,737.61,20681400
2020-04-28,769.12,805,756.69,795.64,15222000
2020-04-29,800.51,803.2,783.16,790.17,16216000
2020-04-30,781.88,869.82,763.5,855.19,28471900
2020-05-01,701.32,772.77,683.04,755,32531800
2020-05-04,761.19,762,698,701,19237100
2020-05-05,768.21,798.92,762.18,789.79,16991700
2020-05-06,782.58,789.8,761.11,776.5,11123200
2020-05-07,780.04,796.4,772.35,777.21,11527700
2020-05-08,819.42,824,787.01,793.77,16130100
2020-05-11,811.29,824,785,790.51,16519600
2020-05-12,809.41,843.29,808,827,15906900
2020-05-13,790.96,826,763.3,820.83,19065500
2020-05-14,803.33,803.36,764,780,13682200
2020-05-15,799.17,805.05,786.55,790.35,10518400
2020-05-18,813.63,834.72,803.88,827.78,11698100
2020-05-19,808.01,822.07,806.08,815.17,9636500
2020-05-20,815.56,826,811.8,820.5,7309300
2020-05-21,827.6,832.5,796,816,12254600
2020-05-22,816.88,831.78,812,822.17,9987500
2020-05-26,818.87,834.6,815.71,834.5,8089700
2020-05-27,820.23,827.71,785,820.86,11549500
2020-05-28,805.81,824.75,801.69,813.51,7255600
2020-05-29,835,835,804.21,808.75,11812500
2020-06-01,898.1,899,854.1,858,14939500
2020-06-02,881.56,908.66,871,894.7,13565600
2020-06-03,882.96,897.94,880.1,888.12,7949500
2020-06-04,864.38,895.75,858.44,889.88,8887700
2020-06-05,885.66,886.52,866.2,877.84,7811900
2020-06-08,949.92,950,909.16,919,14174700
2020-06-09,940.67,954.44,923.93,940.01,11388200
2020-06-10,1025.05,1027.48,982.5,991.88,18563400
2020-06-11,972.84,1018.96,972,990.2,15916500
2020-06-12,935.28,987.98,912.6,980,16730200
2020-06-15,990.9,998.84,908.5,917.79,15697200
2020-06-16,982.13,1012.88,962.39,1011.85,14051100
2020-06-17,991.79,1005,982.57,987.71,9869400
2020-06-18,1003.96,1019.2,994.47,1003,9751900
2020-06-19,1000.9,1015.97,991.34,1012.78,8679700
2020-06-22,994.32,1008.88,990.02,999.95,6362400
2020-06-23,1001.78,1012,994.01,998.88,6365300
2020-06-24,960.85,1000.88,953.14,994.11,10959600
2020-06-25,985.98,985.98,937.15,954.27,9254500
2020-06-26,959.74,995,954.87,994.78,8854900
2020-06-29,1009.35,1010,948.5201,969.01,9026404
2020-06-30,1079.81,1087.69,1003.73,1006.5,16918500
2020-07-01,1119.63,1135.33,1080.5,1083,13326900
2020-07-02,1208.66,1228,1185.6,1221.48,17201300
2020-07-06,1371.58,1377.79,1266.04,1276.69,20569900
2020-07-07,1389.86,1429.5,1336.71,1405.01,21489700
2020-07-08,1365.88,1417.26,1311.34,1405,16311300
2020-07-09,1394.28,1408.56,1351.28,1396.99,11717600
2020-07-10,1544.65,1548.92,1376.01,1396,23337600
2020-07-13,1497.06,1794.99,1471.11,1659,38985400
2020-07-14,1516.8,1590,1431,1556,23418100
2020-07-15,1546.01,1550,1457,1543,16367800
2020-07-16,1500.64,1531.71,1466,1477.16,14300800
2020-07-17,1500.84,1537.51,1490,1513.45,9330000
2020-07-20,1643,1650,1488,1519.01,17121400
2020-07-21,1568.36,1675,1558,1639.93,16157300
2020-07-22,1592.33,1626.42,1562,1599,14161080
2020-07-23,1513.07,1689,1480.77,1678.95,24328504
2020-07-24,1417,1465,1366.5401,1416.01,19396616
2020-07-27,1539.6,1547.94,1413.0003,1435,16048669
2020-07-28,1476.49,1564.7,1474.42,1504,15808700
2020-07-29,1499.11,1534.81,1487,1501,9426893
2020-07-30,1487.49,1513.24,1471,1488,7621039
2020-07-31,1430.76,1517.05,1420.98,1515,12246960
2020-08-03,1485,1509.8101,1444.3844,1449.2,8809346
2020-08-04,1487,1527.41,1462,1495.01,8414990
2020-08-05,1485.02,1499.8384,1468.31,1492.99,4978015
2020-08-06,1489.58,1517.31,1477.26,1490.83,5992313
2020-08-07,1452.71,1499.75,1415.01,1499.5365,8896420
2020-08-10,1418.57,1457.5,1385.84,1448,7522264
2020-08-11,1374.39,1420,1365,1396,8625834
2020-08-12,1554.76,1585,1435,1470,21898834
2020-08-13,1621,1651.18,1567.26,1611,20425308
2020-08-14,1650.71,1668.8,1626.64,1664.99,12577614
2020-08-17,1835.64,1845.86,1672.83,1677,20023104
2020-08-18,1887.09,1923.9,1845.11,1898.99,16474491
2020-08-19,1878.53,1911,1841.21,1865,12205331
2020-08-20,2001.83,2021.99,1857.06,1860.68,20611796
2020-08-21,2049.98,2095.49,2025.05,2044.76,21489559
2020-08-24,2014.2,2129,1927.52,2126.275,20063621
2020-08-25,2023.34,2027.95,1968,1974.89,10658893
2020-08-26,2153.17,2166,2053.6291,2060,14239382
2020-08-27,2238.75,2295.6,2142.5,2180.46,23693043
2020-08-28,2213.4,2318.49,2186.52,2295.12,20081176
2020-08-31,498.32,500.14,440.11,444.61,115847020
2020-09-01,475.05,502.49,470.51,502.14,90119419
2020-09-02,447.37,479.04,405.1206,478.99,96176128
2020-09-03,407,431.8,402,407.23,87596086
2020-09-04,418.32,428,372.0201,402.81,110321885
2020-09-08,330.21,368.74,329.88,356,115465691
2020-09-09,366.28,369,341.51,356.6,79465769
2020-09-10,371.34,398.99,360.56,386.21,84930608
2020-09-11,372.72,382.5,360.5,381.94,60717459
